{
  "data": [
    {
      "y": [
        0.5100177529799645,
        0.40628962718742073,
        0.4123763631752473,
        0.7798630484402739,
        0.4331727111336546,
        0.0,
        0.0,
        0.7065686025868628,
        1.0,
        0.5318285569363429,
        0.38092822723814357,
        0.5310677149378645,
        0.7631245244737509,
        0.45067207709865587,
        0.41694141516611716,
        0.05021557189956886,
        0.39792036520415924,
        0.26071519147856964,
        0.22901344154197312,
        0.30408318539183365,
        0.34034998731930005,
        0.31853918336292164,
        0.0,
        0.24169414151661173,
        0.3550595992898808,
        0.0,
        0.0,
        0.0,
        0.0,
        0.0,
        0.0,
        0.13898047172203906,
        0.564037534871925,
        0.6416434187167132,
        0.4780623890438752,
        0.43773776312452445,
        0.3936089272127821,
        0.31651027136697946,
        0.31093076337813846,
        0.0,
        0.23687547552624905,
        0.44965762110068475,
        0.47907684504184633,
        0.46386000507228,
        0.33451686533096625,
        0.0,
        0.023586101952827798,
        0.34998731930002536,
        0.33832107532335787,
        0.13111843773776313,
        0.001775297996449404,
        0.5381689069236621,
        0.0,
        0.276946487446107,
        0.3849860512300279,
        0.3913264012173472,
        0.32817651534364695,
        0.2944458534111083,
        0.3999492772001014,
        0.15800152168399695
      ],
      "name": "tesla"
    },
    {
      "y": [
        1.3433583959899749,
        1.263157894736842,
        1.2055137844611528,
        1.337092731829574,
        1.2218045112781954,
        1.0,
        1.0,
        1.7174185463659146,
        2.0,
        1.4385964912280702,
        1.1528822055137844,
        1.299498746867168,
        1.4605263157894737,
        1.2098997493734336,
        1.1779448621553885,
        1.018796992481203,
        1.193609022556391,
        1.1541353383458646,
        1.1303258145363408,
        1.169172932330827,
        1.1979949874686717,
        1.068922305764411,
        1.0,
        1.0476190476190477,
        1.0469924812030076,
        1.0,
        1.0,
        1.0,
        1.0,
        1.0,
        1.0,
        1.0701754385964912,
        1.1823308270676691,
        1.31265664160401,
        1.4335839598997493,
        1.2474937343358397,
        1.2042606516290726,
        1.1923558897243107,
        1.2080200501253133,
        1.0,
        1.0770676691729324,
        1.1215538847117794,
        1.1240601503759398,
        1.163533834586466,
        1.199248120300752,
        1.0,
        1.0037593984962405,
        1.1647869674185465,
        1.1203007518796992,
        1.0394736842105263,
        1.00062656641604,
        1.1860902255639099,
        1.0,
        1.325814536340852,
        1.3922305764411027,
        1.2073934837092732,
        1.2286967418546366,
        1.204887218045113,
        1.213032581453634,
        1.068295739348371
      ],
      "name": "model3"
    },
    {
      "y": [
        3.0,
        2.369085173501577,
        2.414826498422713,
        2.6466876971608833,
        2.470031545741325,
        2.0,
        2.0,
        2.4053627760252367,
        2.414826498422713,
        2.2902208201892744,
        2.197160883280757,
        2.8217665615141954,
        2.6277602523659307,
        2.5268138801261832,
        2.443217665615142,
        2.050473186119874,
        2.3170347003154577,
        2.2981072555205047,
        2.2618296529968456,
        2.5725552050473186,
        2.392744479495268,
        2.2665615141955837,
        2.0,
        2.167192429022082,
        2.2097791798107256,
        2.0,
        2.0,
        2.0,
        2.0,
        2.0,
        2.0,
        2.089905362776025,
        2.367507886435331,
        2.3217665615141954,
        2.449526813880126,
        2.323343848580442,
        2.2917981072555205,
        2.1593059936908516,
        2.2649842271293377,
        2.0,
        2.3406940063091484,
        2.4589905362776023,
        2.5094637223974763,
        2.410094637223975,
        2.421135646687697,
        2.0,
        2.0173501577287065,
        2.326498422712934,
        2.2618296529968456,
        2.1293375394321767,
        2.0,
        2.323343848580442,
        2.0,
        2.4384858044164037,
        2.585173501577287,
        2.4637223974763405,
        2.3170347003154577,
        2.280757097791798,
        2.369085173501577,
        2.138801261829653
      ],
      "name": "elonmusk"
    },
    {
      "y": [
        3.2713257965056526,
        3.1613566289825283,
        3.145940390544707,
        3.3638232271325794,
        3.264131551901336,
        3.0,
        3.0,
        3.313463514902364,
        3.567317574511819,
        3.2682425488180886,
        3.1274409044193217,
        3.2435765673175747,
        3.318602261048304,
        3.132579650565262,
        3.1644398766700923,
        3.015416238437821,
        3.1510791366906474,
        3.12846865364851,
        3.0770811921891057,
        3.3617677286742036,
        3.9270298047276464,
        4.0,
        3.0,
        3.001027749229188,
        3.0030832476875644,
        3.0,
        3.0,
        3.0,
        3.0,
        3.0,
        3.0,
        3.0030832476875644,
        3.0020554984583763,
        3.0061664953751284,
        3.0051387461459402,
        3.0061664953751284,
        3.0226104830421376,
        3.010277492291881,
        3.010277492291881,
        3.0,
        3.0030832476875644,
        3.0369989722507706,
        3.1808838643371016,
        3.092497430626927,
        3.091469681397739,
        3.0,
        3.0030832476875644,
        3.090441932168551,
        3.079136690647482,
        3.0092497430626928,
        3.0,
        3.092497430626927,
        3.0,
        3.0431654676258995,
        3.0811921891058582,
        3.0729701952723536,
        3.0462487153134634,
        3.050359712230216,
        3.0709146968139773,
        3.025693730729702
      ],
      "name": "tron"
    },
    {
      "y": [
        4.179856115107913,
        4.121274409044193,
        4.118191161356629,
        4.286742034943474,
        4.201438848920863,
        4.0,
        4.0,
        4.218910585817061,
        4.413155190133607,
        4.2600205549845835,
        4.125385405960945,
        4.244604316546763,
        4.313463514902364,
        4.130524152106886,
        4.1623843782117165,
        4.015416238437822,
        4.1479958890030835,
        4.127440904419322,
        4.07502569373073,
        4.361767728674203,
        4.92497430626927,
        5.0,
        4.0,
        4.001027749229188,
        4.003083247687564,
        4.0,
        4.0,
        4.0,
        4.0,
        4.0,
        4.0,
        4.002055498458376,
        4.001027749229188,
        4.006166495375129,
        4.002055498458376,
        4.006166495375129,
        4.0184994861253855,
        4.0102774922918805,
        4.009249743062693,
        4.0,
        4.002055498458376,
        4.006166495375129,
        4.00513874614594,
        4.00513874614594,
        4.0041109969167525,
        4.0,
        4.002055498458376,
        4.0102774922918805,
        4.0071942446043165,
        4.001027749229188,
        4.0,
        4.006166495375129,
        4.0,
        4.002055498458376,
        4.003083247687564,
        4.001027749229188,
        4.002055498458376,
        4.003083247687564,
        4.0041109969167525,
        4.0
      ],