{
  "data": [
    0.10986785610619723,
    0.10216076820657004,
    0.0810315608651457,
    0.07968095605757272,
    0.1416037651556863,
    0,
    0,
    0.15262764556570202,
    0.13702232166464545,
    0.11669714799521273,
    0.058801771410716144,
    0.0726511848030042,
    0.13423665359053913,
    0.12724378966446562,
    0.12280948895360955,
    0.11135924123008033,
    0.10673189711374899,
    0.09320797391840802,
    0.09870891993187776,
    0.08629731256917353,
    0.08847976517191103,
    0.08079271231988738,
    0,
    0.07077744774348046,
    0.07942311097001677,
    0,
    0,
    0,
    0,
    0,
    0,
    0.06159837790130369,
    0.08737470369700906,
    0.15201443031158743,
    0.11724205493810164,
    0.08960477466919155,
    0.11521291011974073,
    0.08910733179762483,
    0.13795880805185515,
    0,
    0.0909819439819436,
    0.08939273663986601,
    0.1214217040010129,
    0.08058757701740232,
    0.1168183222339701,
    0,
    0.09917968266852192,
    0.09098035525735602,
    0.0958003065507061,
    0.10055863427508172,
    -0.1875,
    0.10075749157349762,
    0,
    0.07309222244031459,
    0.10537634682845745,
    0.09016596407658967,
    0.09051979512229541,
    0.09861955068628996,
    0.09635075087127462,
    0.12468624488366326
  ],
  "ticks": [
    0,
    1,
    2,
    3,
    4,
    5,
    6,
    7,
    8,
    9,
    10,
    11,
    12,
    13,
    14,
    15,
    16,
    17,
    18,
    19,
    20,
    21,
    22,
    23,
    24,
    25,
    26,
    27,
    28,
    29,
    30,
    31,
    32,
    33,
    34,
    35,
    36,
    37,
    38,
    39,
    40,
    41,
    42,
    43,
    44,
    45,
    46,
    47,
    48,
    49,
    50,
    51,
    52,
    53,
    54,
    55,
    56,
    57,
    58,
    59
  ],
  "labels": [
    "01/04",
    "02/04",
    "03/04",
    "04/04",
    "05/04",
    "06/04",
    "07/04",
    "08/04",
    "09/04",
    "10/04",
    "11/04",
    "12/04",
    "13/04",
    "14/04",
    "15/04",
    "16/04",
    "17/04",
    "18/04",
    "19/04",
    "20/04",
    "21/04",
    "22/04",
    "23/04",
    "24/04",
    "25/04",
    "26/04",
    "27/04",
    "28/04",
    "29/04",
    "30/04",
    "01/05",
    "02/05",
    "03/05",
    "04/05",
    "05/05",
    "06/05",
    "07/05",
    "08/05",
    "09/05",
    "10/05",
    "11/05",
    "12/05",
    "13/05",
    "14/05",
    "15/05",
    "16/05",
    "17/05",
    "18/05",
    "19/05",
    "20/05",
    "21/05",
    "22/05",
    "23/05",
    "24/05",
    "25/05",
    "26/05",
    "27/05",
    "28/05",
    "29/05",
    "30/05"
  ]
}