{
  "data": [
    {
      "y": [
        0.6244755244755245,
        0.44265734265734263,
        0.4853146853146853,
        0.7265734265734266,
        0.4811188811188811,
        0.0,
        0.0,
        0.6496503496503496,
        1.0,
        0.4797202797202797,
        0.313986013986014,
        0.44825174825174824,
        0.32447552447552447,
        0.25244755244755246,
        0.3685314685314685,
        0.03986013986013986,
        0.3986013986013986,
        0.36713286713286714,
        0.23006993006993007,
        0.35174825174825175,
        0.46923076923076923,
        0.31888111888111886,
        0.0,
        0.1951048951048951,
        0.44475524475524475,
        0.0,
        0.0,
        0.0,
        0.0,
        0.0,
        0.0,
        0.12937062937062938,
        0.5377622377622377,
        0.46923076923076923,
        0.5153846153846153,
        0.4244755244755245,
        0.3923076923076923,
        0.3734265734265734,
        0.43496503496503497,
        0.0,
        0.393006993006993,
        0.8566433566433567,
        0.4909090909090909,
        0.44125874125874126,
        0.3230769230769231,
        0.0,
        0.01888111888111888,
        0.413986013986014,
        0.38461538461538464,
        0.13776223776223775,
        0.002097902097902098,
        0.6314685314685314,
        0.0,
        0.44265734265734263,
        0.4965034965034965,
        0.45944055944055945,
        0.3895104895104895,
        0.30979020979020977,
        0.5594405594405595,
        0.2125874125874126
      ],
      "name": "anger"
    },
    {
      "y": [
        1.509277031349968,
        1.3032629558541267,
        1.3246960972488804,
        1.638515674984005,
        1.4219449776071658,
        1.0,
        1.0,
        1.6548304542546384,
        2.0,
        1.428342930262316,
        1.1880998080614202,
        1.5038387715930903,
        1.586052463211772,
        1.3166986564299425,
        1.345489443378119,
        1.0380678182981447,
        1.3618042226487523,
        1.261356365962892,
        1.171785028790787,
        1.3230966090850926,
        1.5463851567498401,
        1.4846449136276392,
        1.0,
        1.173704414587332,
        1.2210492642354447,
        1.0,
        1.0,
        1.0,
        1.0,
        1.0,
        1.0,
        1.0950095969289828,
        1.3576455534229046,
        1.2687140115163147,
        1.2955854126679462,
        1.2696737044145874,
        1.2680742162507999,
        1.1845809341010876,
        1.3586052463211773,
        1.0,
        1.1356365962891874,
        1.3809980806142035,
        1.3934740882917467,
        1.290467050543826,
        1.2920665387076136,
        1.0,
        1.0140754958413307,
        1.244081893793986,
        1.255918106206014,
        1.1314779270633397,
        1.0,
        1.4133077415227127,
        1.0,
        1.2885476647472809,
        1.3966730646193217,
        1.3470889315419066,
        1.2914267434420985,
        1.2399232245681382,
        1.307101727447217,
        1.126679462571977
      ],
      "name": "joy"
    },
    {
      "y": [
        2.6018826135105204,
        2.4363233665559245,
        2.7159468438538203,
        3.0,
        2.5426356589147288,
        2.0,
        2.0,
        2.6184939091915838,
        2.9335548172757475,
        2.4335548172757475,
        2.3172757475083055,
        2.4573643410852712,
        2.428017718715393,
        2.3028792912513842,
        2.429125138427464,
        2.0487264673311185,
        2.4689922480620154,
        2.337763012181617,
        2.225359911406423,
        2.2929125138427464,
        2.413621262458472,
        2.2790697674418605,
        2.0,
        2.207641196013289,
        2.4130675526024365,
        2.0,
        2.0,
        2.0,
        2.0,
        2.0,
        2.0,
        2.1279069767441863,
        2.617940199335548,
        2.5121816168327795,
        2.488372093023256,
        2.4512735326688815,
        2.424141749723145,
        2.377630121816168,
        2.433001107419712,
        2.0,
        2.2851605758582503,
        2.6960132890365447,
        2.451827242524917,
        2.420265780730897,
        2.391472868217054,
        2.0,
        2.018826135105205,
        2.373200442967885,
        2.341638981173865,
        2.1312292358803986,
        2.0022148394241417,
        2.485603543743079,
        2.0,
        2.370431893687708,
        2.4689922480620154,
        2.3831672203765226,
        2.3499446290143964,
        2.320598006644518,
        2.547065337763012,
        2.2176079734219267
      ],
      "name": "disgust"
    },
    {
      "y": [
        3.169085631349782,
        3.0776487663280117,
        3.2010159651669086,
        3.321480406386067,
        3.1712626995645863,
        3.0,
        3.0,
        3.7518142235123366,
        4.0,
        3.2619738751814222,
        3.0827285921625545,
        3.0943396226415096,
        3.1429608127721336,
        3.0609579100145137,
        3.074746008708273,
        3.008708272859216,
        3.109579100145138,
        3.0965166908563133,
        3.060232220609579,
        3.074746008708273,
        3.137155297532656,
        3.1132075471698113,
        3.0,
        3.023947750362845,
        3.0798258345428158,
        3.0,
        3.0,
        3.0,
        3.0,
        3.0,
        3.0,
        3.0391872278664733,
        3.134978229317852,
        3.0943396226415096,
        3.0798258345428158,
        3.074020319303338,
        3.084179970972424,
        3.058055152394775,
        3.060232220609579,
        3.0,
        3.0377358490566038,
        3.11611030478955,
        3.0667634252539915,
        3.0718432510885343,
        3.06966618287373,
        3.0,
        3.002177068214804,
        3.089259796806967,
        3.0921625544267055,
        3.0478955007256894,
        3.0007256894049346,
        3.1959361393323658,
        3.0,
        3.063134978229318,
        3.0994194484760524,
        3.0645863570391874,
        3.0899854862119014,
        3.078374455732946,
        3.101596516690856,
        3.0478955007256894
      ],
      "name": "fear"
    },
    {
      "y": [
        4.451134380453752,
        4.333333333333333,
        4.301047120418848,
        4.607329842931938,
        4.451134380453752,
        4.0,
        4.0,
        4.559336823734729,
        4.652705061082024,
        4.2521815008726005,
        4.266143106457243,
        4.771378708551484,
        4.662303664921466,
        4.301919720767888,
        4.335078534031414,
        4.035776614310646,
        4.397033158813263,
        4.2635253054101225,
        4.18935427574171,
        4.268760907504363,
        4.387434554973822,
        4.216404886561954,
        4.0,
        4.146596858638744,
        4.302792321116929,
        4.0,
        4.0,
        4.0,
        4.0,
        4.0,
        4.0,
        4.131762652705061,
        4.4319371727748695,
        5.0,
        4.353403141361256,
        4.261780104712042,
        4.308027923211169,
        4.232984293193717,
        4.279232111692845,
        4.0,
        4.194589877835951,
        4.356893542757417,
        4.284467713787086,
        4.226003490401396,
        4.237347294938918,
        4.0,
        4.013089005235602,
        4.267888307155323,
        4.285340314136126,
        4.128272251308901,
        4.00087260034904,
        4.338568935427574,
        4.0,
        4.284467713787086,
        4.340314136125654,
        4.37347294938918,
        4.345549738219895,
        4.276614310645725,
        4.399650959860384,
        4.138743455497382
      ],